{
  "mAP50_95": 0.003300558264740635,
  "mAP50": 0.016413890501273294
}