{
  "mAP50": 0.5928211736895577,
  "mAP50_95": 0.2346057270898549,
  "precision": 0.636866463824484,
  "recall": 0.5545722713864307
}